"Project","Match_Count","Matched_Genes"
"CGCI-HTMCP-DLBCL_transcriptomic_exp.rds",6,"ENSG00000004478;ENSG00000080824;ENSG00000096060;ENSG00000096384;ENSG00000135446;ENSG00000204389"
"CMI-ASC_transcriptomic_exp.rds",2,"ENSG00000096060;ENSG00000113580"
"CMI-MPC_transcriptomic_exp.rds",1,"ENSG00000168439"
"TARGET-CCSK_transcriptomic_exp.rds",1,"ENSG00000096060"
"TARGET-NBL_transcriptomic_exp.rds",1,"ENSG00000204389"
"TCGA-BLCA_transcriptomic_exp.rds",1,"ENSG00000204389"
"TCGA-COAD_transcriptomic_exp.rds",1,"ENSG00000204389"
"TCGA-KICH_transcriptomic_exp.rds",1,"ENSG00000096060"
"TCGA-KIRP_transcriptomic_exp.rds",1,"ENSG00000096060"
"TCGA-LGG_transcriptomic_exp.rds",1,"ENSG00000096060"
"TCGA-READ_transcriptomic_exp.rds",1,"ENSG00000204389"
"TCGA-UVM_transcriptomic_exp.rds",1,"ENSG00000096060"
